n,m,grau_medio,C,algoritmo,repeticao,tempo_ms
1000,4000,8,1000,Dijkstra Normal,1,0.990707
1000,4000,8,1000,Dijkstra Heap Minimo,1,0.238112
1000,4000,8,1000,Dijkstra Bucket,1,0.179324
1000,4000,8,1000,Dijkstra Normal,2,1.008899
1000,4000,8,1000,Dijkstra Heap Minimo,2,0.278265
1000,4000,8,1000,Dijkstra Bucket,2,0.180589
1000,4000,8,1000,Dijkstra Normal,3,0.997411
1000,4000,8,1000,Dijkstra Heap Minimo,3,0.233026
1000,4000,8,1000,Dijkstra Bucket,3,0.178589
1000,4000,8,1000,Dijkstra Normal,4,0.991516
1000,4000,8,1000,Dijkstra Heap Minimo,4,0.277099
1000,4000,8,1000,Dijkstra Bucket,4,0.181527
1000,4000,8,1000,Dijkstra Normal,5,1.018813
1000,4000,8,1000,Dijkstra Heap Minimo,5,0.246123
1000,4000,8,1000,Dijkstra Bucket,5,0.186437
2000,8000,8,1000,Dijkstra Normal,1,3.739823
2000,8000,8,1000,Dijkstra Heap Minimo,1,0.541587
2000,8000,8,1000,Dijkstra Bucket,1,0.314832
2000,8000,8,1000,Dijkstra Normal,2,3.777453
2000,8000,8,1000,Dijkstra Heap Minimo,2,0.534356
2000,8000,8,1000,Dijkstra Bucket,2,0.321396
2000,8000,8,1000,Dijkstra Normal,3,3.757096
2000,8000,8,1000,Dijkstra Heap Minimo,3,0.510943
2000,8000,8,1000,Dijkstra Bucket,3,0.332360
2000,8000,8,1000,Dijkstra Normal,4,3.804605
2000,8000,8,1000,Dijkstra Heap Minimo,4,0.519803
2000,8000,8,1000,Dijkstra Bucket,4,0.369205
2000,8000,8,1000,Dijkstra Normal,5,3.714357
2000,8000,8,1000,Dijkstra Heap Minimo,5,0.513620
2000,8000,8,1000,Dijkstra Bucket,5,0.315820
4000,16000,8,1000,Dijkstra Normal,1,14.675417
4000,16000,8,1000,Dijkstra Heap Minimo,1,1.196878
4000,16000,8,1000,Dijkstra Bucket,1,0.549912
4000,16000,8,1000,Dijkstra Normal,2,14.580174
4000,16000,8,1000,Dijkstra Heap Minimo,2,1.162030
4000,16000,8,1000,Dijkstra Bucket,2,0.564407
4000,16000,8,1000,Dijkstra Normal,3,14.827219
4000,16000,8,1000,Dijkstra Heap Minimo,3,1.207540
4000,16000,8,1000,Dijkstra Bucket,3,0.543652
4000,16000,8,1000,Dijkstra Normal,4,14.659682
4000,16000,8,1000,Dijkstra Heap Minimo,4,1.248028
4000,16000,8,1000,Dijkstra Bucket,4,0.569498
4000,16000,8,1000,Dijkstra Normal,5,14.897361
4000,16000,8,1000,Dijkstra Heap Minimo,5,1.201334
4000,16000,8,1000,Dijkstra Bucket,5,0.561232
8000,32000,8,1000,Dijkstra Normal,1,74.774534
8000,32000,8,1000,Dijkstra Heap Minimo,1,2.662269
8000,32000,8,1000,Dijkstra Bucket,1,0.971213
8000,32000,8,1000,Dijkstra Normal,2,75.649675
8000,32000,8,1000,Dijkstra Heap Minimo,2,2.681287
8000,32000,8,1000,Dijkstra Bucket,2,0.983871
8000,32000,8,1000,Dijkstra Normal,3,75.657347
8000,32000,8,1000,Dijkstra Heap Minimo,3,2.617557
8000,32000,8,1000,Dijkstra Bucket,3,0.991426
8000,32000,8,1000,Dijkstra Normal,4,75.791109
8000,32000,8,1000,Dijkstra Heap Minimo,4,2.713683
8000,32000,8,1000,Dijkstra Bucket,4,1.034610
8000,32000,8,1000,Dijkstra Normal,5,75.080535
8000,32000,8,1000,Dijkstra Heap Minimo,5,2.693753
8000,32000,8,1000,Dijkstra Bucket,5,1.034861
16000,64000,8,1000,Dijkstra Normal,1,621.556541
16000,64000,8,1000,Dijkstra Heap Minimo,1,6.077715
16000,64000,8,1000,Dijkstra Bucket,1,1.788256
16000,64000,8,1000,Dijkstra Normal,2,612.383924
16000,64000,8,1000,Dijkstra Heap Minimo,2,6.054878
16000,64000,8,1000,Dijkstra Bucket,2,1.787774
16000,64000,8,1000,Dijkstra Normal,3,619.563966
16000,64000,8,1000,Dijkstra Heap Minimo,3,5.969498
16000,64000,8,1000,Dijkstra Bucket,3,1.832605
16000,64000,8,1000,Dijkstra Normal,4,604.875958
16000,64000,8,1000,Dijkstra Heap Minimo,4,5.600315
16000,64000,8,1000,Dijkstra Bucket,4,1.766873
16000,64000,8,1000,Dijkstra Normal,5,615.850030
16000,64000,8,1000,Dijkstra Heap Minimo,5,6.044820
16000,64000,8,1000,Dijkstra Bucket,5,1.746742
32000,128000,8,1000,Dijkstra Normal,1,2926.590628
32000,128000,8,1000,Dijkstra Heap Minimo,1,13.223667
32000,128000,8,1000,Dijkstra Bucket,1,3.558777
32000,128000,8,1000,Dijkstra Normal,2,2923.497660
32000,128000,8,1000,Dijkstra Heap Minimo,2,13.291696
32000,128000,8,1000,Dijkstra Bucket,2,3.711102
32000,128000,8,1000,Dijkstra Normal,3,2928.604614
32000,128000,8,1000,Dijkstra Heap Minimo,3,14.143331
32000,128000,8,1000,Dijkstra Bucket,3,3.706928
32000,128000,8,1000,Dijkstra Normal,4,2882.718483
32000,128000,8,1000,Dijkstra Heap Minimo,4,13.191397
32000,128000,8,1000,Dijkstra Bucket,4,3.404878
32000,128000,8,1000,Dijkstra Normal,5,2878.636234
32000,128000,8,1000,Dijkstra Heap Minimo,5,12.711000
32000,128000,8,1000,Dijkstra Bucket,5,3.515492
64000,256000,8,1000,Dijkstra Normal,1,12207.904795
64000,256000,8,1000,Dijkstra Heap Minimo,1,29.480617
64000,256000,8,1000,Dijkstra Bucket,1,7.138829
64000,256000,8,1000,Dijkstra Normal,2,12182.753483
64000,256000,8,1000,Dijkstra Heap Minimo,2,28.750403
64000,256000,8,1000,Dijkstra Bucket,2,7.157025
64000,256000,8,1000,Dijkstra Normal,3,12224.656386
64000,256000,8,1000,Dijkstra Heap Minimo,3,28.392878
64000,256000,8,1000,Dijkstra Bucket,3,7.542040
64000,256000,8,1000,Dijkstra Normal,4,12322.273510
64000,256000,8,1000,Dijkstra Heap Minimo,4,28.319750
64000,256000,8,1000,Dijkstra Bucket,4,7.104598
64000,256000,8,1000,Dijkstra Normal,5,12138.343010
64000,256000,8,1000,Dijkstra Heap Minimo,5,28.895078
64000,256000,8,1000,Dijkstra Bucket,5,7.925658
